Jin tian ye shi hao tian qi,今天也是好天气,今天也是好天气,1
Bu cun zai de,不存在的,不存在的,1
Jin tian ye shi hao tian qi,今天也是好天气,今天也是好天气,1
Bu cun zai de,不存在的,不存在的,1
Zhong yang yi jing jue ding le,中央已经决定了,中央已经决定了,1
Zhe ge shi jie tai luan,这个世界太乱,这个世界太乱,1
Guai guai zhan hao,乖乖站好,乖乖站好,1
Ming ming shi wo xian lai de,明明是我先来的,明明是我先来的,1
yan ge shen he jie kuan ren huan kuan neng li,严格审核借款人还款能力,严格审核借款人还款能力,1
cong yan fang kong xin dai feng xian,从严防控信贷风险,从严防控信贷风险,1
gen ju jin nian de zheng fu gong zuo bao gao,根据今年的政府工作报告,根据今年的政府工作报告,1
mei jun fang cheng bu cheng ren zhong guo dong hai fang kong shi bie qu,美军方称不承认中国东海防空识别区,美军方称不承认中国东海防空识别区,1
duo nian yi hou,多年以后,多年以后,1
yi ran hui xiang qi na ge,依然会想起那个,依然会想起那个,1
wu hou tai yang xia de yin ying,午后太阳下的阴影,午后太阳下的阴影,1
qing ming jie kuai lai le,清明节快来了,清明节快来了,1
ni cun zai zai wo de cun zai,你存在在我的存在,你存在在我的存在,1
qing hua da xue ji suan ji ke xue yu ji shu xi,清华大学计算机科学与技术系,清华大学计算机科学与技术系,1
jin tian wan shang you hao kan de dian ying,今天晚上有好看的电影,今天晚上有好看的电影,1
bei jing ao yun hui kai mu shi fei chang jing cai,北京奥运会开幕式非常精彩,北京奥运会开幕式非常精彩,1
quan guo ren min dai biao da hui zai bei jing ren min da hui tang long zhong zhao kai,全国人民代表大会在北京人民大会堂隆重召开,全国人民代表大会在北京人民大会堂隆重召开,1
ni de shi jie hui bian de geng jing cai,你的世界会变得更精彩,你的世界会变得更精彩,1
shen du xue xi ji shu tui dong le ren gong zhi neng de fa zhan ,深度学习技术推动了人工智能的发展,深度学习技术推动了人工智能的发展,1
ju you liang hao de gou tong neng li he jiao liu neng li,具有良好的沟通能力和交流能力,具有良好的沟通能力和交流能力,1
dang ran wo men de jue ding quan ye shi hen zhong yao de,当然我们的决定权也是很重要的,当然我们的决定权也是很重要的,1
hai shi yao ti gao zi ji de zhi shi shui ping,还是要提高自己的知识水平,还是要提高自己的知识水平,1
ye wei le guang da he fa yong hu de zheng dang quan yi,也为了广大合法用户的正当权益,也为了广大合法用户的正当权益,1
te lang pu xi wang bu jiu he zhong guo guo jia zhu xi mian dui mian hui wu,特朗普希望不久和中国国家主席面对面会晤,特朗普希望不久和中国国家主席面对面会晤,1
Wo men liao de hen kai xin,我们聊得很开心,我们聊得很开心,1
Xiao peng you men dou xi huan qu jiao you,小朋友们都喜欢去郊游,小朋友们都喜欢去郊游,1
Zhe ge wan ju hen you qu,这个玩具很有趣,这个玩具很有趣,1
Ta hen sheng qi,他很生气,他很生气,1
Xiang gang shi zui fan hua de da du shi zhi yi,香港是最繁华的大都市之一,香港是最繁华的大都市之一,1
Xiang gang de ji zhe shan chang pao bu,香港的记者擅长跑步,香港的记者擅长跑步,1
Liang hao de bian ma xi guan hen zhong yao,良好的编码习惯很重要,良好的编码习惯很重要,1
Wo men de mu biao shi quan mian jian cheng xiao kang she hui,我们的目标是全面建成小康社会,我们的目标是全面建成小康社会,1
Shen du shen jing wang luo dui ji suan zi yuan de xiao hao hen da,深度神经网络对计算资源的消耗很大,深度神经网络对计算资源的消耗很大,1
Bi ni men bu zhi gao dao na li qu le,比你们不知高到哪里去了,比你们不知高到哪里去了,1
Ni hao shi jie,你好世界,你好世界,1
Wo he wo de xiao huo ban men dou jing dai le,我和我的小伙伴们都惊呆了,我和我的小伙伴们都惊呆了,1
Xiang yao shi xian yi qie meng xiang de hua,想要实现一切梦想的话,想要实现一切梦想的话,1
Ke ai you mi ren de fan pai jue se,可爱又迷人的反派角色,可爱又迷人的反派角色,1
Mang she san shi zui hao de yu yan,蟒蛇三是最好的语言,蟒蛇三是最好的语言,1
Zhe shi ren lei de luo ri,这是人类的落日,这是人类的落日,1
Bi xi wang geng chi re,比希望更炽热,比希望更炽热,1
Bi jue wang geng shen chen,比绝望更深沉,比绝望更深沉,1
wei lai di lu jiu zai jiao xia,未来的路就在脚下,未来的路就在脚下,1
bu yao bei shang bu yao hai pa,不要悲伤不要害怕,不要悲伤不要害怕,1
chong man xin xin qi pan zhuo ming tian,充满信心期盼着明天,充满信心期盼着明天,1
xin di feng bao yi jing chu xian,新的风暴已经出现,新的风暴已经出现,1
Wei xiao mian dui wei xian,微笑面对危险,微笑面对危险,1
Meng xiang cheng zhen bu zai yao yuan,梦想成真不再遥远,梦想成真不再遥远,1
Gu qi yong qi jian ding xiang qian,鼓起勇气坚定向前,鼓起勇气坚定向前,1
zou chu qing hua da xue te se de shi jie yi liu da xue dao lu,走出清华大学特色的世界一流大学道路,走出清华大学特色的世界一流大学道路,1
wo shuo zhe ba you xi yi jing jie shu le,我说这把游戏已经结束了,我说这把游戏已经结束了,1
xin guan zhong ke neng bu xiang xin,新观众可能不相信,新观众可能不相信,1
wo jia zhu zai huang tu gao po,我家住在黄土高坡,我家住在黄土高坡,1
zhan dou kai shi,战斗开始,战斗开始,1
wo you yi ge ping guo,我有一个苹果,我有一个苹果,1
jin tian tian qi hen hao,今天天气很好,今天天气很好,1
he chu re chen ai,何处惹尘埃,何处惹尘埃,1
huang jin bang shang,黄金榜上,黄金榜上,1
Wo men shi feng,我们是风,我们是风,1
Wo men shi ju hong se de huo yan,我们是橘红色的火焰,我们是橘红色的火焰,1
Wo men shi tie,我们是铁,我们是铁,1
fan zheng wo bu xin,反正我不信,反正我不信,1
wo hui ba shou chuai jin ku dou,我会把手揣进裤兜,我会把手揣进裤兜,1
ta shi wo de fu qin,他是我的父亲,他是我的父亲,1
Wei le fang bian da jia ce shi zi ji de pin yin shu ru fa de xing neng,为了方便大家测试自己的拼音输入法的性能,为了方便大家测试自己的拼音输入法的性能,1
Huan ying ge wei tong xue lai dao ren gong zhi neng dao lun ke tang,欢迎各位同学来到人工智能导论课堂,欢迎各位同学来到人工智能导论课堂,1
ke yi ge zhong fang shi sui shi lian xi wo,可以各种方式随时联系我,可以各种方式随时联系我,1
ye ke yi chong fen li yong wang luo xue tang jin xing ge zhong tao lun,也可以充分利用网络学堂进行各种讨论,也可以充分利用网络学堂进行各种讨论,1
Gong xiang dan che zhan xian le ren men de dao de su zhi,共享单车展现了人们的道德素质,共享单车展现了人们的道德素质,1
Zhe xie zhao pian kan le zhi hou hui dian fu ni de san guan,这些照片看了之后会颠覆你的三观,这些照片看了之后会颠覆你的三观,1
Ru guo zu guo shou dao le qin fan,如果祖国受到了侵犯,如果祖国受到了侵犯,1
tong xue men xia wu hao,同学们下午好,同学们下午好,1
da jia ke neng bu zhi dao,大家可能不知道,大家可能不知道,1
wo men su she de deng huai le,我们宿舍的灯坏了,我们宿舍的灯坏了,1
hen nan shou bu shu fu,很难受不舒服,很难受不舒服,1
wo xue xi yi xie kai che de zi shi,我学习一些开车的姿势,我学习一些开车的姿势,1
yi ba chui zi za xia qu,一把锤子砸下去,一把锤子砸下去,1
Dan shen gou ni hao a,单身狗你好啊,单身狗你好啊,1
Wo ai xue xi xue xi shi wo kuai le,我爱学习学习是我快乐,我爱学习学习是我快乐,1
Rang wo men yi qi lai wan ba,让我们一起来玩吧,让我们一起来玩吧,1
Qing hua da xue hen bang bang o,清华大学很棒棒哦,清华大学很棒棒哦,1
Mao ze dong si xiang yu she hui zhu yi gai lun,毛泽东思想与社会主义概论,毛泽东思想与社会主义概论,1
Ren gong zhi neng shi yi men you qu de ke cheng,人工智能是一门有趣的课程,人工智能是一门有趣的课程,1
Sou gou ba ba dui wo men hen hao,搜狗爸爸对我们很好,搜狗爸爸对我们很好,1
Man qiang de re xue yi jing fei teng,满腔的热血已经沸腾,满腔的热血已经沸腾,1
Yao wei zhen li er dou zheng,要为真理而斗争,要为真理而斗争,1
Zhe shi zui hou de dou zheng,这是最后的斗争,这是最后的斗争,1
Tuan jie qi lai dao ming tian,团结起来到明天,团结起来到明天,1
Na wo gai shuo dian sha,那我该说点啥,那我该说点啥,1
Ren wen shi guan jun,人文是冠军,人文是冠军,1
Gong ye gong cheng shi guan jun,工业工程是冠军,工业工程是冠军,1
luo xuan shi shang sheng,螺旋式上升,螺旋式上升,1
fa xian le sheng huo de zhen xiang,发现了生活的真相,发现了生活的真相,1
Zao shang hao a xiao peng you,早上好啊小朋友,早上好啊小朋友,1
Lou xia shi shui a,楼下是谁啊,楼下是谁啊,1
Hai cha liang ju jiu wan le ha ha ha,还差两句就完了哈哈哈,还差两句就完了哈哈哈,1
gu dai shi jie zhong,古代世界中,古代世界中,1
wo ai ren gong zhi neng,我爱人工智能,我爱人工智能,1
dao di hai cha duo shao a,到底还差多少啊,到底还差多少啊,1
zhen de hen nan xie you mei you,真的很难写有没有,真的很难写有没有,1
lou shang de peng you ni hao a,楼上的朋友你好啊,楼上的朋友你好啊,1
hai ji de wo shi shei ma,还记得我是谁吗,还记得我是谁吗,1
dui le,对了,对了,1
dang shi wo men zai shi jia zhuang biao yan de shi hou,当时我们在石家庄表演的时候,当时我们在石家庄表演的时候,1
wo shuo,我说,我说,1
zhi ting jian xia mian you yi ge wo lai,只听见下面有一个我来,只听见下面有一个我来,1
zhe shi hou wo yi kan,这时候我一看,这时候我一看,1
xiao peng you men,小朋友们,小朋友们,1
cheng ke nin hao huan ying cheng zuo bei jing di tie si hao xian lie che,乘客您好欢迎乘坐北京地铁四号线列车,乘客您好欢迎乘坐北京地铁四号线列车,1
gan xie nin xuan ze bei jing di tie chu xing,感谢您选择北京地铁出行,感谢您选择北京地铁出行,1
huan ying nin zai ci cheng zuo di tie liu hao xian lie che,欢迎您再次乘坐地铁六号线列车,欢迎您再次乘坐地铁六号线列车,1
qing zhu yi huan cheng lie che de shou mo ban che shi jian,请注意换乘列车的首末班车时间,请注意换乘列车的首末班车时间,1
xian zai ke liu jiao da lie che bi jiao yong ji,现在客流较大列车比较拥挤,现在客流较大列车比较拥挤,1
xia che cheng ke qing ji zao zhun bei zhua jin xia che,下车乘客请及早准备抓紧下车,下车乘客请及早准备抓紧下车,1
jiu jiu hai zi,救救孩子,救救孩子,1
ju xian yu chuan tong de fan yi yan jiu ceng mian,局限于传统的翻译研究层面,局限于传统的翻译研究层面,1
dui si fa cai pan guan er yan,对司法裁判官而言,对司法裁判官而言,1
cheng zhang de fan nao,成长的烦恼,成长的烦恼,1
na shi ge man chang de guo cheng,那是个漫长的过程,那是个漫长的过程,1
da zuo ye yi jing xie wan le,大作业已经写完了,大作业已经写完了,1
yin wei ni ren pin tai cha,因为你人品太差,因为你人品太差,1
gou jian she hui zhu yi he xie she hui,构建社会主义和谐社会,构建社会主义和谐社会,1
mu ke hai mei kan wan,慕课还没看完,慕课还没看完,1
fu qiang min zhu wen ming he xie,富强民主文明和谐,富强民主文明和谐,1
ni jin guan ma dai ma,你尽管码代码,你尽管码代码,1
qiu tian hong se de xi gai gui zai di shang,秋天红色的膝盖跪在地上,秋天红色的膝盖跪在地上,1
Zui hou zhu ni shen ti jian kang,最后祝你身体健康,最后祝你身体健康,1
ting shuo ni zuo tian wan shang qu kan dian ying le,听说你昨天晚上去看电影了,听说你昨天晚上去看电影了,1
Xi wang suo you de hao ren xiang xin wo,希望所有的好人相信我,希望所有的好人相信我,1
xiu se,羞涩,羞涩,1
wang zhe chuang wai,望着窗外,望着窗外,1
Zhe ge shi jie xu yao geng duo de ying xiong,这个世界需要更多的英雄,这个世界需要更多的英雄,1
Wo kan dao ni men le,我看到你们了,我看到你们了,1
Ni shi ren jian de si yue tian,你是人间的四月天,你是人间的四月天,1
jiu jiu ba shi yi,九九八十一,九九八十一,1
ji ben qing kuang jiu shi zhe yang le,基本情况就是这样了,基本情况就是这样了,1
zhi xu yao rou ti,只需要肉体,只需要肉体,1
Ren sheng zong shi chong man le ge zhong ge yang de yi wai,人生总是充满了各种各样的意外,人生总是充满了各种各样的意外,1
cong cong na nian,匆匆那年,匆匆那年,1
yan lei du shi wo de ti hui,眼泪都是我的体会,眼泪都是我的体会,1
ca gan yan lei bu rang ni kan jian,擦干眼泪不让你看见,擦干眼泪不让你看见,1
gou jian ren lei ming yun gong tong ti,构建人类命运共同体,构建人类命运共同体,1
xi jin ping guan xin de liu jian shi,习近平关心的六件事,习近平关心的六件事,1
wu mai wen ti yan zhong wei hai jian kang,雾霾问题严重危害健康,雾霾问题严重危害健康,1
quan qiu hua wen ti xu yao quan qiu ren xie shou jie jue,全球化问题需要全球人携手解决,全球化问题需要全球人携手解决,1
ha ha ha ha ha ha ha,哈哈哈哈哈哈哈,哈哈哈哈哈哈哈,1
wo cha dian bao lu le zi ji,我差点暴露了自己,我差点暴露了自己,1
xiang bu chu qi ta de le,想不出其他的了,想不出其他的了,1
wo kan dao ni men le,我看到你们了,我看到你们了,1
mei you ren neng duo guo wo de yan jing,没有人能躲过我的眼睛,没有人能躲过我的眼睛,1
cun chu qi de ceng ci jie gou,存储器的层次结构,存储器的层次结构,1
wo de nu pu shi bu xiu de,我的奴仆是不朽的,我的奴仆是不朽的,1
jiao wo nv wang da ren,叫我女王大人,叫我女王大人,1
Wo men jin tian de nei rong geng duo guan zhu de shi zhe li,我们今天的内容更多关注的是这里,我们今天的内容更多关注的是这里,1
Qing hua da xue shi yi suo hao xue xiao,清华大学是一所好学校,清华大学是一所好学校,1
Zhe ge wang zhan hen qiang,这个网站很强,这个网站很强,1
Neng yu jian ni zhen de hen xing yun,能遇见你真的很幸运,能遇见你真的很幸运,1
Neng gou he ni zai yi qi yi jing bie wu suo qiu,能够和你在一起已经别无所求,能够和你在一起已经别无所求,1
Wo ai ni,我爱你,我爱你,1
Zhen xiang yong yuan zhi you yi ge,真相永远只有一个,真相永远只有一个,1
You yi pian hai tan,有一片海滩,有一片海滩,1
Ru guo ni kan dao ta hui dao hai an,如果你看到他回到海岸,如果你看到他回到海岸,1
Wo de ming zi,我的名字,我的名字,1
Zhe ge shu ru fa hen qiang,这个输入法很强,这个输入法很强,1
Zai guang bo dian tai bo chu yi dang jie mu,在广播电台播出一档节目,在广播电台播出一档节目,1
Wo men jiang tiao xuan ren zui duo de yi ge shi jian,我们将挑选人最多的一个时间,我们将挑选人最多的一个时间,1
Ji suan ji shi yi men you qu de xue ke,计算机是一门有趣的学科,计算机是一门有趣的学科,1
Wo xi huan xiang jiao wei de te lang pu,我喜欢香蕉味的特朗普,我喜欢香蕉味的特朗普,1
Xiao pang pang you yi ge da du pi,小胖胖有一个大肚皮,小胖胖有一个大肚皮,1
Ren yu ren zhi jian wei sha yao hu xiang shang hai ne,人与人之间为啥要互相伤害呢,人与人之间为啥要互相伤害呢,1
ren yu ren zhi jian zui ji ben de xin ren ne,人与人之间最基本的信任呢,人与人之间最基本的信任呢,1
wo dao he bei sheng lai,我到河北省来,我到河北省来,1
wo ye shi yi ge guang dong ren,我也是一个广东人,我也是一个广东人,1
suo yi wo men shi lao xiang,所以我们是老乡,所以我们是老乡,1
chi pu tao bu tu pu tao pi,吃葡萄不吐葡萄皮,吃葡萄不吐葡萄皮,1
mei ge ren dou shi li xing de,每个人都是理性的,每个人都是理性的,1
shang shan ruo shui,上善若水,上善若水,1
xie xie da jia lai can jia wo de sheng ri,谢谢大家来参加我的生日,谢谢大家来参加我的生日,1
ai yi ge ren zhe yang rong yi,爱一个人这样容易,爱一个人这样容易,1
dai wo zou qu yao yuan de xing qiu,带我走去遥远的星球,带我走去遥远的星球,1
ke ai you mi ren de fan pai jue se,可爱又迷人的反派角色,可爱又迷人的反派角色,1
wo men shi chuan suo zai yin he de huo jian dui,我们是穿梭在银河的火箭队,我们是穿梭在银河的火箭队,1
bai se de ming tian zai deng dai zhe wo men,白色的明天在等待着我们,白色的明天在等待着我们,1
xu duo ren suo wei de cheng shu,许多人所谓的成熟,许多人所谓的成熟,1
wo men shi gong chan zhu yi jie ban ren,我们是共产主义接班人,我们是共产主义接班人,1
xiao ke dou zhao ma ma,小蝌蚪找妈妈,小蝌蚪找妈妈,1
she hui zui da de zui e,社会最大的罪恶,社会最大的罪恶,1
Zui ai ni de ren shi wo,最爱你的人是我,最爱你的人是我,1
Guo jia zhi jian zhi you li yi,国家之间只有利益,国家之间只有利益,1
Wei xin xiao cheng xu chong xin fa ming le liu lan qi,微信小程序重新发明了浏览器,微信小程序重新发明了浏览器,1
Tong guo ji yin gong cheng zhi zao mao niang shi ke xing de,通过基因工程制造猫娘是可行的,通过基因工程制造猫娘是可行的,1
Jin tian kong qi hao bu hao,今天空气好不好,今天空气好不好,1
Lin xian sheng fa feng le,林先生发疯了,林先生发疯了,1
Shi bu shi yi hou ke yi yong zhe ge dong xi liao tian,是不是以后可以用这个东西聊天,是不是以后可以用这个东西聊天,1
De guo she hui min zhu dang xuan ju qian ou zhou yi hui yi zhang ma ding shu er ci dan ren dang kui,的国社会民主党选举前欧洲议会议长马丁舒尔茨担任党魁,德国社会民主党选举前欧洲议会议长马丁舒尔茨担任党魁,0.96
Qing hua da xue de ren gong zhi neng dao lun ke cheng shi fen de you qu,清华大学的人工智能导论课程十分地有趣,清华大学的人工智能导论课程十分的有趣,0.944444
Yi xie chang shang hui zai mou zhong yi yi shang gai jin xing neng de ying xiang,一些厂商会在某种意义上改进行能的影响,一些厂商会在某种意义上改进性能的影响,0.944444
Ge da cheng shi lu bian pai man ge zhong yan se de gong xiang dan che,个大城市路边排满各种颜色的共享单车,各大城市路边排满各种颜色的共享单车,0.941176
wo de peng you song le wo yi pen lv zhi zuo wei sheng ri li wu,我的朋友送了我一盆绿之作为生日礼物,我的朋友送了我一盆绿植作为生日礼物,0.941176
li hun yi nian nei dai kuan ren dai kuan an er tao fang zhi xing,离婚一年内贷款人贷款案二套房执行,离婚一年内贷款人贷款按二套房执行,0.9375
zhe ge bao gao jing guo hao ji bai ge jiao shou yi zhi tong guo,这个报告经过好几百个教授一直通过,这个报告经过好几百个教授一致通过,0.9375
nan fang de xiao zhen yin yu de dong tian mei you bei fang leng,南方的小镇霪雨的冬天没有北方冷,南方的小镇阴雨的冬天没有北方冷,0.933333
qing zai ping bi men wan quan da kai hou cong you ce xia che,青在屏蔽门完全打开后从右侧下车,请在屏蔽门完全打开后从右侧下车,0.933333
Qi shi zao zai jun xun de shi hou jiu bei ni xi yin le,其实早在军训的时候就被泥吸引了,其实早在军训的时候就被你吸引了,0.933333
Guo ji kang ai lian meng he shi jie wei sheng zu zhi kan dao quan qiu ai zheng fa bing lv he si wang lv ji ju shang sheng,国际抗癌联盟和世界卫生组织看到全球癌症发病率和死亡率计局上升,国际抗癌联盟和世界卫生组织看到全球癌症发病率和死亡率急剧上升,0.933333
ren yu ren zhi jian zen me jiu bu neng hu xiang shang hai ne,人与人之间怎麽就不能互相伤害呢,人与人之间怎么就不能互相伤害呢,0.933333
du zhe zi ji ye ke yi lie ju bing jia yi zheng ming,读者自己也可以列车并加以证明,读者自己也可以列举并加以证明,0.928571
zhu chang zuo zhan de zhong guo dui shuai xian fa qi jin gong,主场作战的中国队率先发起进供,主场作战的中国队率先发起进攻,0.928571
zhi neng ji shu yu xi tong guo jia zhong dian shi yan shi,智能技术语系统国家重点实验室,智能技术与系统国家重点实验室,0.928571
mei tian hui jia dou hui kan dao wo lao po zai zhuang si,每天回家都会看到我老婆在撞死,每天回家都会看到我老婆在装死,0.928571
yao hao fei xin li wei chi de dong xi mei you yi yi,要耗费信力维持的东西没有意义,要耗费心力维持的东西没有意义,0.928571
Ping guo gong si ji jiang tui chu yi kuan an zhuo shou ji,苹果公司机将推出一款安卓手机,苹果公司即将推出一款安卓手机,0.928571
Mei xi shi shi jie shang zui hao de zu qiu yun dong yuan,梅溪是世界上最好的足球运动员,梅西是世界上最好的足球运动员,0.928571
qing da jia xuan ze ni jue de ke yi de shi jian,请大家选择你觉得可以地时间,请大家选择你觉得可以的时间,0.923077
Shang mian shi shei ba guo ji ge dou tie chu lai le,上面是谁把国际合都贴出来了,上面是谁把国际歌都贴出来了,0.923077
you mei you yi shou ge rang ni xiang qi yi ge ren,有没有一首个让你想起一个人,有没有一首歌让你想起一个人,0.923077
zhong guo guo jia dui zhan sheng han guo guo jia dui,中国国家队战胜韩国国家对,中国国家队战胜韩国国家队,0.916667
Wo shi shuo zai zuo de ge wei dou shi la ji,我是说在做的各位都是垃圾,我是说在座的各位都是垃圾,0.916667
wei lai de she hui shi xin xi hua de she hui,未来的社会失信息化的社会,未来的社会是信息化的社会,0.916667
Hei zhua ke yi chong jian ni fu qin de di guo,黑爪可以重见你父亲的帝国,黑爪可以重建你父亲的帝国,0.916667
ying xiang shi wu mi nei suo you you fang mu biao,影响十五米内所有蚴方目标,影响十五米内所有友方目标,0.916667
Bi mian di san ci shi jie da zhan de fa sheng,避免的三次世界大战的发生,避免第三次世界大战的发生,0.916667
Wo jiang bu gu yi qie de lai dao zhe di fang,我将不顾一切的来到这地方,我将不顾一切地来到这地方,0.916667
shu xue fen xi ben shen jiu shi nan xue de,术学分析本身就是难学的,数学分析本身就是难学的,0.909091
zhe ge di fang hao xiang ke yi liao tian ne,这个地方好像可以聊天哪,这个地方好像可以聊天呢,0.909091
guo jia tu shu guan zhan shi huan cheng che zhan,国家图书馆站式换乘车站,国家图书馆站是换乘车站,0.909091
qing xie dai hao sui shen de xing li wu pin,请携带好随身的行礼物品,请携带好随身的行李物品,0.909091
Jie xia lai zhe ju ni men neng gou cai dao,接下来这句你们能够踩到,接下来这句你们能够猜到,0.909091
nin zhe ge ren er da gai xi huan zhao xiang,您这个人二大概喜欢照相,您这个人儿大概喜欢照相,0.909091
neng bu neng gei wo hao yi dian de qing di,能不能给我好一点的情的,能不能给我好一点的情敌,0.909091
da jia xi huan ting de ge duo zhong duo yang,大家喜欢听的个多种多样,大家喜欢听的歌多种多样,0.909091
wo men jiu da fa ci bei de gao su ni,我们就大发慈悲的告诉你,我们就大发慈悲地告诉你,0.909091
bu guo shi bei xi su mo qu le leng jiao,不过是被习俗抹去了棱角,不过是被习俗磨去了棱角,0.909091
Wei yu mei guo jia li fu ni ya zhou jiu jin shan wan de a er ka te la si dao shang de lian bang jian yu zao dao fei zhi,位于美国家利福尼亚洲旧金山玩的阿尔卡特拉斯岛上的联邦监狱遭到废止,位于美国加利福尼亚州旧金山湾的阿尔卡特拉斯岛上的联邦监狱遭到废止,0.90625
Shen ye zhong xing xing dian dian de deng huo rang ren xiang qi na ge gu lao de meng xiang,深夜中星星甸甸的灯火让人想起那个古老的梦想,深夜中星星点点的灯火让人想起那个古老的梦想,0.904762
Da kuo hao hou mian ying bu ying gai huan hang yi zhi yi lai dou shi you zheng yi de,大括号后面影不应该还行一直以来都是有争议的,大括号后面应不应该换行一直以来都是有争议的,0.904762
jiu zuo le yi dian wei xiao de gong zuo,就做了一点微笑的工作,就做了一点微小的工作,0.9
Xiang yao yi zhi ai zhe mou wu de hua,想要一直挨着某物的话,想要一直爱着某物的话,0.9
Yi yao guai zhi si lai shuo tai chang le,一妖怪之死来说太长了,以妖怪之死来说太长了,0.9
Hen duo ren can yu le ci tiao bian ji,很多人参与了磁条编辑,很多人参与了词条编辑,0.9
La tiao shi yi zhong you ming de xiao chi,辣条是一种有明的小吃,辣条是一种有名的小吃,0.9
Chui a chui a wo de jiao ao fang zong,吹啊吹啊我的骄傲放总,吹啊吹啊我的骄傲放纵,0.9
bi ru deng shang yi zhu song mu ti zi,比如登上一竺松木梯子,比如登上一株松木梯子,0.9
meng dao le qi guai de wai xing sheng wu,梦到了奇怪的外省生物,梦到了奇怪的外星生物,0.9
gang gang yi jing bian guo yi ju hua le,刚刚已经变过一句话了,刚刚已经编过一句话了,0.9
Jiu qing ni gao su ta ni de ming zi,就请你告诉他旎的名字,就请你告诉他你的名字,0.9
wo ai xue xi xue xi shi wo kuai le,我爱学习学习是我快乐,我爱学习学习使我快乐,0.9
hei ye gei le wo hei se de yan jing,黑夜给了倭黑色的眼睛,黑夜给了我黑色的眼睛,0.9
gu du he xuan xiao dou nan yi ren shou,孤独和喧嚣都难以人受,孤独和喧嚣都难以忍受,0.9
San yue san shi er ri shi xing qi yi,三月三十二日是星期以,三月三十二日是星期一,0.9
sui ran yi jing jie jue le jian li xin ji fen fang fa de shou yao wen ti,虽然已经解决了建立新齑粉方法的首要问题,虽然已经解决了建立新积分方法的首要问题,0.894737
dui ran se ti ren gong he cheng de gong zuo ji yu le gao du ping jia,对染色体人共和成的工作给予了高度评价,对染色体人工合成的工作给予了高度评价,0.888889
ni mei ti ben shen ye yao pan duan,尼媒体本身也要判断,你媒体本身也要判断,0.888889
Guan che ai yu zhen shi de xie e,贯彻哀与真实的邪恶,贯彻爱与真实的邪恶,0.888889
Ye sheng de ji suan ji chu xian le,业生的计算机出现了,野生的计算机出现了,0.888889
guo shen nan du de shu xue ke hui ying xiang wu li si wei de fa zhan,过身难度的数学科会影响物理思维的发展,过深难度的数学课会影响物理思维的发展,0.888889
xi tong dui yu ren men lai shuo bing bu shi yi ge mo sheng de ming ci,系统对于人们来说并不是一个陌生的暝辞,系统对于人们来说并不是一个陌生的名词,0.888889
Bu yao shuo wo men yi wu suo you,不要说我们已无所有,不要说我们一无所有,0.888889
qing shou chi che piao tong guo zha ji,亲手持车票通过闸机,请手持车票通过闸机,0.888889
shang che de cheng ke qing wang li zou,上车的乘客情往里走,上车的乘客请往里走,0.888889
ru guo zai jian bu neng hong zhuo yan,如果再见不能哄着眼,如果再见不能红着眼,0.888889
Wo jue de ken ding yue duo yue ka,我觉得肯定越多月卡,我觉得肯定越多越卡,0.888889
chong fen kai fa zhi ling bing xing xing,充分开发指令并行行,充分开发指令并行性,0.888889
Gu du de ren ta jiu zai hai shang,孤独的人她就在海上,孤独的人他就在海上,0.888889
bu chi pu tao dao tu pu tao pi,不吃葡萄到吐葡萄皮,不吃葡萄倒吐葡萄皮,0.888889
wei le fang zhi shi jie bei po huai,为了防止世界杯破坏,为了防止世界被破坏,0.888889
guan che ai yu zhen shi de xie e,贯彻哀与真实的邪恶,贯彻爱与真实的邪恶,0.888889
Jin tian de lan qiu sai zhen jing cai,今天的篮球赛帧精彩,今天的篮球赛真精彩,0.888889
Guang zai zhe me chang de shi jian li ke yi pao san shi wan gong li,光在这麽氅的时间里可以跑三十万公里,光在这么长的时间里可以跑三十万公里,0.882353
bei jing de fang jia shi fou zai tou zhi nian qing ren de chuang zao li,北京的房价是否在头之年轻人的创造力,北京的房价是否在透支年轻人的创造力,0.882353
zhe shi yi ge hen chang hen chang hen chang hen chang de yang li shu ju,这是一个很长很长很长很长的秧励数据,这是一个很长很长很长很长的样例数据,0.882353
you mei you bie de ren xuan ne,有没有别的人选哪,有没有别的人选呢,0.875
Yue guo chang cheng zou xiang shi jie,说过长城走向世界,越过长城走向世界,0.875
jiu xiang yang guang chuan guo hei ye,就襄阳光穿过黑夜,就像阳光穿过黑夜,0.875
Yu xi zai shou tian xia wo you,玉玺在受天下我有,玉玺在手天下我有,0.875
neng zheng que shu chu suan wo shu,能正确输出算我熟,能正确输出算我输,0.875
wei xian de shi gu ran mei li,危险的是固然美丽,危险的事固然美丽,0.875
mei hua bian luo man le nan shan,梅花边落满了南山,梅花便落满了南山,0.875
Re lie de ran shao qi lai ba,热烈的燃烧起来吧,热烈地燃烧起来吧,0.875
bu zhi dao ru guo you duo yin zi hui bu hui zeng jia nan du,不知道如果有多因子会不会增加难度,不知道如果有多音字会不会增加难度,0.875
ni men zhe shi zi xun si lu,你们这是自寻思路,你们这是自寻死路,0.875
hen yi ge ren zhe yang rong yi,很一个人这样容易,恨一个人这样容易,0.875
Ni xian zai chong man le jue xin,拟现在充满了决心,你现在充满了决心,0.875
Mei guo zong tong ji mi ka te xuan bu mei guo jiang di zhi yu mo si ke ju ban de xia ji ao lin pi ke yun dong hui,美国总统计米卡特宣布美国降低至于莫斯科举办的夏季奥林匹克运动会,美国总统吉米卡特宣布美国将抵制于莫斯科举办的夏季奥林匹克运动会,0.870968
qu xiao huo ting zheng de she ji ge ren deng shi xiang de xing zheng shi ye xing shou fei bao kuo,取消和听证的涉及个人等事项的行政事业性收费包括,取消或停征的涉及个人等事项的行政事业性收费包括,0.869565
zi dong hua he jing guan shu yu tong yi ge zhao sheng da lei,自动化和经鹳属于统一个招生大类,自动化和经管属于同一个招生大类,0.866667
Ming tian wan shang wo hui yan ming si hao wan jia de shen fen,明天晚上我会严明四好玩家的身份,明天晚上我会验明四号玩家的身份,0.866667
bu zhi dao ru guo zai xian ren shu geng duo hui zen mo yang,不知道如果在县人数更多会怎模样,不知道如果在线人数更多会怎么样,0.866667
nin de hao you miao xing ren cheng gong bu huo le li yu wang,您的好有喵星人成功捕获了鲤鱼网,您的好友喵星人成功捕获了鲤鱼王,0.866667
gu dai zhi ren cong dong fei qi yuan hou yi lu zou dao le di qiu shang suo you da lu,古代职人从东非杞园后一路走到了地球上所有大陆,古代智人从东非起源后一路走到了地球上所有大陆,0.863636
wo hui lai dao ni shen bian,我回来到你身边,我会来到你身边,0.857143
bu guan ni men xin bu xin,不管你们心不信,不管你们信不信,0.857143
You xian zhuang tai zi dong ji,有现状态自动机,有限状态自动机,0.857143
Suan le hai shi bu tie le,算了还是补贴了,算了还是不贴了,0.857143
Zhe wei tong xue qing zhu yi,这位同学倾注意,这位同学请注意,0.857143
xiao peng you men da jia hao,小朋友们大家毫,小朋友们大家好,0.857143
mei tian bang wan liu dian zhong,每天傍晚六点中,每天傍晚六点钟,0.857143
you xian zhuang tai zi dong ji,有现状态自动机,有限状态自动机,0.857143
Zhi dao suo you de deng dou xi mie le ye bu ting liu,知道所有的灯都熄灭了也不停留,直到所有的灯都熄灭了也不停留,0.857143
Shi er hao wan jia fa yan,十二号万家发言,十二号玩家发言,0.857143
mei hua bian luo le xia lai,梅花边落了下来,梅花便落了下来,0.857143
Ren sheng ruo zhi ru chu jian,人生若知如初见,人生若只如初见,0.857143
Tian ya he chu wu fang cao,天涯何处五芳草,天涯何处无芳草,0.857143
Wo xiang dao na wu ren zhi xiao de di fang kan yi kan,我想到那无人骘校的地方看一看,我想到那无人知晓的地方看一看,0.857143
shi fou huan neng hong zhuo lian,是否还能哄着脸,是否还能红着脸,0.857143
Mei cuo gan jue zhe hen ku,没错感觉这很苦,没错感觉这很酷,0.857143
Rong xue bu shuo yi ju hua,融学不说一句话,融雪不说一句话,0.857143
Wo ye bu xiang zhe yang a,我也不像这样啊,我也不想这样啊,0.857143
hou mian wo men jiang cheng ju you zhe zhong xing zhi de han shu wei ke ce han shu,后面我们将成具有这种性质的函数为可测寒暑,后面我们将称具有这种性质的函数为可测函数,0.85
luo ji dai shu you xie chang yong de ji ben gong shi,逻辑代书有些常用的基本公室,逻辑代数有些常用的基本公式,0.846154
Guang dong de ren kou shu liang wei ju quan guo di yi,广东的人口述两位居全国第一,广东的人口数量位居全国第一,0.846154
Mao jin shi xing ji lv xing zhe de bi bei wu pin,毛巾是省级旅行者的必备物品,毛巾是星际旅行者的必备物品,0.846154
qie rang wo wang ji jin ri zhi dao ming tian lai lin,且让我忘记近日至到明天来临,且让我忘记今日直到明天来临,0.846154
zhen zheng de jing shen qiang zhe yi ding shi kuan rong de,真正的精神将这一定是宽容的,真正的精神强者一定是宽容的,0.846154
xian tong ji da liang zhen shi yu liao zhong ge ge ci chu xian de gai lv,现统计大量真实与了中各个词出现的概率,先统计大量真实语料中各个词出现的概率,0.833333
Zhe shi shi jie shang zui hao de bian cheng yu yan,这是世界上最好的变成语言,这是世界上最好的编程语言,0.833333
Ren zhen ni jiu shu le,认真你就熟了,认真你就输了,0.833333
Chen qie zuo bu dao a,臣妾做不到阿,臣妾做不到啊,0.833333
ting shuo ce shi ji shi yao zi ji shi yong de,听说测试及时要自己使用的,听说测试集是要自己使用的,0.833333
jin ru bai xue xian chang,进入白血现场,进入白学现场,0.833333
pi pi xia wo men zou,皮皮下我们走,皮皮虾我们走,0.833333
wo men qu san bu ba,我们去散步把,我们去散步吧,0.833333
ta shi wo de mu qin,他是我的母亲,她是我的母亲,0.833333
ta shi wo de gou gou,他是我的狗狗,它是我的狗狗,0.833333
Ren gong zhi neng de shi zhi shi ren gong zhi zhang,人工智能的时只是人工智障,人工智能的实质是人工智障,0.833333
wo ye hai cha liang ju,我也还差两车,我也还差两句,0.833333
wo jing ran diao xian le,我竟然掉馅了,我竟然掉线了,0.833333
wo hao xiang wan cheng le,握好像完成了,我好像完成了,0.833333
Xiang gang ji zhe zou zai xiang jian de dao lu shang,香港记者走在详见的道路上,香港记者走在乡间的道路上,0.833333
Qi ta san xuan de tong xue ke zi xing fen zu,其他三选的同学科自行分组,其他散选的同学可自行分组,0.833333
yi qie gao gui de qing gan dou xiu yu biao bai,一切高贵的情感都秀瑜表白,一切高贵的情感都羞于表白,0.833333
yi qie shen ke de ti yan dou zhuo yu yan ci,一切深刻的体验都着语言辞,一切深刻的体验都拙于言辞,0.833333
Wo xiang qv pao ban ma,我想去跑斑马,我想去跑半马,0.833333
Zhe bu shi yi tiao sou gou shu ru fa dou da bu chu lai de ju zi,这不是一条搜狗输入法都大部出来的橘子,这不是一条搜狗输入法都打不出来的句子,0.833333
Ha ha ha ha ha ha,哈哈哈哈哈哈,哈哈哈哈哈蛤,0.833333
An zhuang ju you fu za dian zi kong zhi xi tong de xian dai zhi dao wu qi dai ti guo qu xiang dui jian dan er ben zhong de huo pao xi tong,安装具有复杂电子控制系统的现代知道无期待提过去相对简单而笨重的火炮系统,安装具有复杂电子控制系统的现代制导武器代替过去相对简单而笨重的火炮系统,0.828571
Wo kan dao zhan jian zai lie hu zuo de bian yuan bei ji zhong qi huo,我看到战舰在猎狐作的边缘被其中起火,我看到战舰在猎户座的边缘被击中起火,0.823529
xia mian yin ru ke ce han shu de gai nian,下面引入可测寒暑的概念,下面引入可测函数的概念,0.818182
jin yong de wu xia xiao shuo fei chang jing cai,进场的武侠小说非常精彩,金庸的武侠小说非常精彩,0.818182
Wo ri ri ye ye dou zai xi nian zhe ni,我日日夜夜都在西撵着你,我日日夜夜都在思念着你,0.818182
Ren qun dang zhong zuan chu lai yi ge guang tou,人群当中纂出来一个光投,人群当中钻出来一个光头,0.818182
Da jia zai xue xi zhong you shen me wen ti,大家在学习中有深麽问题,大家在学习中有什么问题,0.818182
ren qun dang zhong zuan chu lai yi ge guang tou,人群当中纂出来一个光投,人群当中钻出来一个光头,0.818182
He wo zai cheng du de jie tou zou yi zou,和我在盛顿的街头走一走,和我在成都的街头走一走,0.818182
Wei le kang yi su lian ru qin a fu han,为了抗议速连入侵阿富汗,为了抗议苏联入侵阿富汗,0.818182
ren yu ren zhi jian de xin ren zai na li,人与人之间的新人在哪里,人与人之间的信任在哪里,0.818182
ji ran ni cheng xin cheng yi de fa wen le,既然你诚信诚意的发璺了,既然你诚心诚意的发问了,0.818182
Bu xing zhui wei le hei se de gao ji che,不幸坠为了黑色的高级车,不幸追尾了黑色的高级车,0.818182
Ye xu ni hui pei wo kan xi shui chang liu,也许你会陪我看浠水长刘,也许你会陪我看细水长流,0.818182
Zhong guo shi ren min min zhu zhuan zheng de she hui zhu yi guo jia,中国市人民民主转正的社会主义国家,中国是人民民主专政的社会主义国家,0.8125
pei yang le jian ding de yi zhi mo lian le zi ji de yong qi,培养了坚定的一趾磨炼了自己的勇气,培养了坚定的意志磨练了自己的勇气,0.8125
zhong e zhen cha chuan zai han guo fu jin ding shao mei hang mu,中俄侦查船在韩国甫紧盯梢美航母,中俄侦察船在韩国附近盯梢美航母,0.8
dang ta mian dui xing xing dui de shi hou,当他面对性行队的时候,当他面对行刑队的时候,0.8
zai tian an men guang chang ju xing le long zhong de yue bing shi,在天安门广场举行了隆重的月饼是,在天安门广场举行了隆重的阅兵式,0.8
Ta yang le yi zhi qing wa dang chong wu,他养了一致青瓦当宠物,他养了一只青蛙当宠物,0.8
Yi ren lei zhi sheng lai shuo tai duan le,疑人类治生来说太短了,以人类之生来说太短了,0.8
mei ren ti gong zhi shao shi ge ju zi,每人提供至少是个橘子,每人提供至少十个句子,0.8
wo you yi gen bi,我有一根比,我有一根笔,0.8
ren gong zhi neng bi jiang da bai ren lei,人工智能必将达百人类,人工智能必将打败人类,0.8
jun bu jian huang he zhi shui tian shang lai,均不见黄河治水天上来,君不见黄河之水天上来,0.8
Mei ren ti gong zhi shao shi ge ju zi,每人提供至少是个橘子,每人提供至少十个句子,0.8
wo shang wei ru mian,我尚未入面,我尚未入眠,0.8
qie wu chu ke gui,且无处可贵,且无处可归,0.8
Suo yi bu yao shuo shen me chao xi la,所以不要说深麽抄袭啦,所以不要说什么抄袭啦,0.8
bo lang shi qian jin,波浪时前进,波浪式前进,0.8
shi shang zhi you yi zhong ying xiong zhu yi,史上只有一中英雄主义,世上只有一种英雄主义,0.8
yi ran re ai ta,依然热爱他,依然热爱它,0.8
Xi feng duo shao hen,西风多少很,西风多少恨,0.8
Bei fang you jia ren yi shi er du li,北方有家人遗失而独立,北方有佳人遗世而独立,0.8
zhe shi wo bian de di yi ge ju zi,这是我边的第一个橘子,这是我编的第一个句子,0.8
San bai liu shi hang,三百六是行,三百六十行,0.8
wo bei kun zhu la,我被困住落,我被困住啦,0.8
nin de chong wu miao miao xiang chi diao ye sheng de bi ka qiu,您的宠物妙妙想吃掉野生的币卡丘,您的宠物喵喵想吃掉野生的比卡丘,0.8
qing hua da xue jie fang yan yu xing dong,清华大学解放眼于行动,清华大学解放燕园行动,0.8
Ruo guo wu wai jiao,弱国务外交,弱国无外交,0.8
Yi ge dan zi shuo bai le bu guo jiu shi zi han zi fan chou shang de yi ge yao ban qun er yi,一个掸子说白了不过就是自汉子范畴上的一个么办群而一,一个单子说白了不过就是自函子范畴上的一个幺半群而已,0.8
jiu shi yong ya zui bi ba zhe ge shui nong dao li mian,就是用鸭嘴必把这个水哝道里面,就是用鸭嘴笔把这个水弄到里面,0.785714
wo ye mei you shen me bie de dong xi song gei ni men,我也没有深麽瘪的东西送给你们,我也没有什么别的东西送给你们,0.785714
mei tian wan shang guo le qi dian jiu gen wu ye yi yang,每天晚上过了起点就跟物业一样,每天晚上过了七点就跟午夜一样,0.785714
er you xie ren yi jing zai dian ran shu zi yu zhou le,而有些人已经在靛染数字宇宙乐,而有些人已经在点燃数字宇宙了,0.785714
bi qi ni nian qing shi de mei li,比起你年轻时的魅力,比起你年轻时的美丽,0.777778
Qing wa shi cong ke dou bian lai de,青瓦时从蝌蚪变来的,青蛙是从蝌蚪变来的,0.777778
You yi wei zhu ming de gong si lao ban shu xue bu hao bu hui shu shu,有一位著名的公司老板输血不好不会叔叔,有一位著名的公司老板数学不好不会数数,0.777778
bu zhuo ye sheng pi ka qiu yi zhi,捕捉野生皮卡丘遗址,捕捉野生皮卡丘一只,0.777778
zai zuan shi de tian kong xia qi wu,在钻石的天空下气污,在钻石的天空下起舞,0.777778
Wo bu zhi dao zhong wu chi shen me,我不知道中午吃深麽,我不知道中午吃什么,0.777778
Qi lai quan shi jie shou ku de ren,起来全市接受苦的人,起来全世界受苦的人,0.777778
Wo men yao zuo tian xia de zhu ren,我们要昨天下的主任,我们要做天下的主人,0.777778
Suo yi wo men yi ding neng bao ji,所以我们一定能报记,所以我们一定能保级,0.777778
jin tian ye yao yuan qi man man o,今天也要远期满满哦,今天也要怨气满满哦,0.777778
Gao su wo ni xiang yao zuo shen me,告诉我你想要做深麽,告诉我你想要做什么,0.777778
gao su wo ni xiang yao zuo shen me,告诉我你想要做深麽,告诉我你想要做什么,0.777778
Di shi san ge wu mian de ye wan,第十三个屋面的夜晚,第十三个无眠的夜晚,0.777778
wei le shou hu shi jie de he ping,为了守护世界的核评,为了守护世界的和平,0.777778
Qing wen ni yao lai dian tu zi ma,请问你要来电兔子马,请问你要来点兔子吗,0.777778
jian shao ke cheng de ke shi shi shi fen ke xue de,减少课程的可实施十分科学的,减少课程的课时是十分科学的,0.769231
Wo jian guo ni men ren lei wei ceng kan dao de shi,我坚果你们人类未曾看到的是,我见过你们人类未曾看到的事,0.769231
Ren wen he gong ye gong cheng bi jiang hui shi jue sai,人吻合工业工程必将会是决赛,人文和工业工程必将会师决赛,0.769231
Zuo tian wan shang yi hao wan jia shi wo de jin shui,昨天晚上一好玩家是我的瑾说,昨天晚上一号玩家是我的金水,0.769231
Zhi you dao tian jia de ren cai neng jia yu shen long,只有稻田家的人才能家与神龙,只有岛田家的人才能驾驭神龙,0.769231
Wang dao zheng tu,网道征途,王道征途,0.75
Fei chang xin xian fei chang mei wei,非常心嫌非常美味,非常新鲜非常美味,0.75
Wang dao zheng tu,网道征途,王道征途,0.75
Fei chang xin xian fei chang mei wei,非常心嫌非常美味,非常新鲜非常美味,0.75
Zhe jiu shi wo men de qi ji,这就是我们的契机,这就是我们的奇迹,0.75
ni hui huo le wo de chong bai,你会获了我的崇拜,你挥霍了我的崇拜,0.75
ke cheng fen wei xian shang mu ke he xian xia dao xiu liang bu fen,课程分危险上慕课和线下到休两部分,课程分为线上慕课和线下导修两部分,0.75
wo jiang de yi si bu shi wo shi qin dian ta dang xia yi ren,我讲的一丝不是我市钦点他当下一人,我讲的意思不是我是钦点他当下一任,0.75
yuan wo men jiao xing bei ji de,愿我们侥幸被击的,愿我们侥幸被记得,0.75
dan yuan si zhe nai xin bao rong wo zhu jian shuai tui de ji yi,单元死者耐心包容我逐渐衰退的技艺,但愿死者耐心包容我逐渐衰退的记忆,0.75
kan jian yi ge da si yi ge,看见一个靼斯一个,看见一个打死一个,0.75
wo yi jing shi qu le li zhi,我已经失去了荔枝,我已经失去了理智,0.75
Wo men shi gang,我们是刚,我们是钢,0.75
Ma shao ping lao shi ru shi shuo,么少萍老师如是说,马少平老师如是说,0.75
Ming tian zao qi,明天早期,明天早起,0.75
Da zuo ye yao xie bu wan le,大作也要解不完了,大作业要写不完了,0.75
Ji suan ji xi mei you xi guan,计算机系没有膝关,计算机系没有系馆,0.75
Ying te na xiong nai er jiu yi ding yao shi xian,英特南雄奈儿就一定要实现,英特纳雄耐尔就一定要实现,0.75
li shi de che lun zai nian guo,历史的车轮在年国,历史的车轮在辗过,0.75
zai xi la chong shen shi shang de guan jian shi ke,在希拉崇绅士上的关键时刻,在希腊崇神史上的关键时刻,0.75
ruo xiao he wu zhi bu shi sheng cun de zhang ai,弱校和物质不是生存的障碍,弱小和无知不是生存的障碍,0.75
lie che yun xing qian fang kai wang tian gong yuan zhan,列车运行前放开往天公园站,列车运行前方开往天宫苑站,0.75
qing wei xu yao bang zhu de cheng ke rang ge zuo,亲为需要帮助的乘客让合作,请为需要帮助的乘客让个座,0.75
Wo hao cai a,握好菜啊,我好菜啊,0.75
mian jia wen nuan,面加温暖,面颊温暖,0.75
you shi chong shi de yi tian a,又是重视的一天啊,又是充实的一天啊,0.75
Wu hao ji shi ni bie pao a,五号即使你别跑啊,五号技师你别跑啊,0.75
mei you zhu ti xian zhi fan er geng jia kun nan,没有主体现职反而更加困难,没有主题限制反而更加困难,0.75
Di ji ge cai shi ni lao ban,的几个才是你老板,第几个才是你老伴,0.75
Zai li zhe hen yuan de di fang,在疬者很远的地方,在离这很远的地方,0.75
Cheng zhe chuan fan,撑着船翻,撑着船帆,0.75
Ta zai er tong zong jiao ban hao diao le yi ge xing qi shi guang,他在儿童宗教办好掉了一个星期是广,他在儿童宗教班耗掉了一个星期时光,0.75
Ni yu ben zhou mo an pai yi ci xi ti ke,拟于本周末安排一次螅体可,拟于本周末安排一次习题课,0.75
Da di jiu yi lei liu man mian,大的就一泪流满面,大地就已泪流满面,0.75
wo zai dian liang shu zi ren sheng,我在掂量数字人生,我在点亮数字人生,0.75
kan le yi xie yang li shu ju wo jue de wo yao gua ke le,看了一渫阳历数据我觉得我约挂科了,看了一些样例数据我觉得我要挂科了,0.75
Ke shi you neng zen me ban ne,可是有能怎麽办呢,可是又能怎么办呢,0.75
qian chu le bu neng qi si hui sheng zhi wai shi wan neng de,前出了不能起死回升之外十万能的,钱除了不能起死回生之外是万能的,0.733333
fei teng de tiao jian shi da dao fei dian bing chi xu xi re,沸腾的条件事达到啡店秉持续吸热,沸腾的条件是达到沸点并持续吸热,0.733333
xi la ren de zao xing neng li zhi wan mei,希拉人的造性能力支完美,希腊人的造型能力之完美,0.727273
shang mian zhe ju shao le liang ge zi tu ran,上面谪居少了两个子突然,上面这句少了两个字突然,0.727273
Zhi yao xiang qi yi sheng zhong hou hui de shi,只要想起医生钟后悔的是,只要想起一生中后悔的事,0.727273
Zhi yao xiang qi yi sheng zhong hou hui de shi,只要想起医生钟后悔的是,只要想起一生中后悔的事,0.727273
zou chu chi hong lie ri zhao yao de di qu,走出饬轰烈日照要的地区,走出赤红烈日照耀的地区,0.727273
ta shuo ta ai ta sheng guo ai ta zi ji,他说他爱他省国爱他自己,他说他爱她胜过爱他自己,0.727273
xian ru bi si hai yao yan zhong de jing di,陷入比斯还要严重的劲的,陷入比死还要严重的境地,0.727273
Rou mao zhu long cao shi po luo zhou jia li man dan te you de re dai shi chong zhi wu,肉毛猪笼草是叵罗州家里曼丹特有的热带是种植物,柔毛猪笼草是婆罗洲加里曼丹特有的热带食虫植物,0.727273
Ta gang qin tan de bu cuo,塔钢琴弹的不错,他钢琴弹得不错,0.714286
Qi ji yi ding hui chu xian,契机一定会出现,奇迹一定会出现,0.714286
mao shi zui meng de dong wu,贸市最萌的动物,猫是最萌的动物,0.714286
Re xue nan er dang zi qiang,热血难而当自强,热血男儿当自强,0.714286
Chun feng bu du yu men guan,春风卜杜玉门关,春风不度玉门关,0.714286
Cao se yao kan jin que wu,草色要看今却无,草色遥看近却无,0.714286
Shi mo xie chu lai de ne,石墨写出来的呢,是默写出来的呢,0.714286
da jiang dong qu lang tao jin,大江东区浪淘金,大江东去浪淘尽,0.714286
lao fu liao fa shao nian kuang,老服了发少年狂,老夫聊发少年狂,0.714286
ta mei you shen me ai qing,他没有深麽爱情,他没有什么爱情,0.714286
Wei shen me hui zhe yang ne,为深麽会这样呢,为什么会这样呢,0.714286
Wu chu an fang de li xiang,无处暗访的理想,无处安放的理想,0.714286
zhi ai kan tong yi zhang lian,挚爱看同一张连,只爱看同一张脸,0.714286
Ren yu ren zhi jian wei shen me yao hu xiang shang hai ne,人与人之间为深麽鳐和相伤害呢,人与人之间为什么要互相伤害呢,0.714286
Duo yin zi shi ge nan dian,多因子是个难点,多音字是个难点,0.714286
Wo bu zhi dao zhe ge zai xian bian ji qi de yan shi shi duo chang,我不知道这个在线编辑起的殷实施多场,我不知道这个在线编辑器的延时是多长,0.705882
huang hun yu yue guang yi tong sheng qi lai,黄昏欲说逛一同升起来,黄昏与月光一同升起来,0.7
mei ren zhi shao ti gong shi ge ju zi,每人至少提供适合橘子,每人至少提供十个句子,0.7
Wo zhen de hao xiang zai huo wu bai nian,我真的好像在后五百年,我真的好想再活五百年,0.7
wu li shi yan zhen shi tai keng die le,无力实验真是太坑跌了,物理实验真是太坑爹了,0.7
sui feng qian ru ye run wu xi wu sheng,随风嵌入也润物细无生,随风潜入夜润物细无声,0.7
lei shui da shi ge zi de hou nao shao,类水大市鸽子的后脑勺,泪水打湿鸽子的后脑勺,0.7
Xue hao wei ji fen shi bu ke neng de,学郝卫计分是不可能的,学好微积分是不可能的,0.7
wo hai yao zai bian chu san ge ju zi,我还要在煸出三个橘子,我还要再编出三个句子,0.7
wei ceng shi yi de ren bu dong ren sheng,未曾是一的人不动人生,未曾失意的人不懂人生,0.7
Qi yi de guang mang chong man le fang jian,齐意的光芒种满了房间,奇异的光芒充满了房间,0.7
Mu guang shan shuo zhe chuan guo le jie jie,目光闪烁着穿过了解家,暮光闪烁着穿过了结界,0.7
Wo bu zhi dao qian mian de ren wei shen me da de ju zi dou na me qi guai,我不知道前面的认为深麽疸的橘子都那麽奇怪,我不知道前面的人为什么打的句子都那么奇怪,0.7
suo yi zhe liang ge han shu ji hu chu chu xiang deng,所以这两个寒暑期和处处相等,所以这两个函数几乎处处相等,0.692308
wo geng ai ni xian zai bei shou cui can de rong yan,我更爱你现在备受璀璨的融研,我更爱你现在备受摧残的容颜,0.692308
yuan fang de zhan zheng a yuan liang wo dai hua hui jia,院方的战争阿原谅我代化回家,远方的战争啊原谅我带花回家,0.692308
lie kai de shang kou a yuan liang wo zha dao shou zhi,列开的伤口阿原谅我铡刀手指,裂开的伤口啊原谅我扎到手指,0.692308
ni yi wei ni yi wei de jiu shi ni yi wei de,你以为你一位的就是你一位的,你以为你以为的就是你以为的,0.692308
wo jiu shi wei lan mao pei yin de yan yuan ge ping,我就是蔚蓝帽配音的演员合评,我就是为蓝猫配音的演员葛平,0.692308
shei yuan yi gen wo lan mao xue yi ju pei yin ne,谁愿意跟我懒猫血衣柜配音呢,谁愿意跟我蓝猫学一句配音呢,0.692308
xi wen sou hu da sha jiang kai fang chuan shuo chong wu wa si dan,西文嗽和大厦将开放传说宠物瓦斯丹,喜闻搜狐大厦将开放传说宠物瓦斯弹,0.6875
Ben zhan li zu yu mei li jian he zhong guo dui quan qiu hua ren fu wu shou bei mei fa lv bao hu,本站立足于魅力建和中国对全球华人服务手臂没法律保护,本站立足于美利坚合众国对全球华人服务受北美法律保护,0.68
Yi fei chong tian a wo,一榧种天啊我,一飞冲天啊我        ,0.666667
Yi fei chong tian a wo,一榧种天啊我,一飞冲天啊我,0.666667
Dong xian sheng lian ren hao bu hao a,董先生恋人毫不好啊,董先生连任好不好啊,0.666667
Gan shou huo yan zhi di de fen nu,感受和严治地的愤怒,感受火焰之地的愤怒,0.666667
Wo dai zhe yi fu hei kuang yan jing,我带着一腹黑框眼睛,我戴着一副黑框眼镜,0.666667
Bing xing hua shi ti gao ji suan su du de fang fa zhi yi,病性化是提高计算速度地方法治意,并行化是提高计算速度的方法之一,0.666667
Jiu xiang lei shui xiao shi zai yu zhong,就像泪水小时在于中,就像泪水消失在雨中,0.666667
ru he xiang,如何相,如何向,0.666667
feng liu shi,风流失,风流事,0.666667
Wo men shi yong bu dao de tai shan,我们使用不到的泰山,我们是永不倒的泰山,0.666667
He wan le zhe bei jia xiang de jiu,和完了这辈家乡的就,喝完了这杯家乡的酒,0.666667
wang luo lian jie zhong duan,网络连接种短,网络连接中断,0.666667
Zhe zhou liu xi yun hui,者周六席运会,这周六系运会,0.666667
Qi lai ji han jiao po de nu li,起来极寒交迫的努力,起来饥寒交迫的奴隶,0.666667
xian zai jiu cha yi ju,现在就差异巨,现在就差一句,0.666667
wo da zuo ye zhen de xie wan le,我大作业真的亵玩乐,我大作业真的写完了,0.666667
lao si ji dai dai wo,老司机代代我,老司机带带我,0.666667
Shi er hao wan jia shi yu yan jia,十二号万家食欲言家,十二号玩家是预言家,0.666667
Yi ren wo yin jiu zui,疑人喔饮酒醉,一人我饮酒醉,0.666667
Yang guo he xiao long nv,央国和小龙女,杨过和小龙女,0.666667
Wo xuan wu hao ji shi,我选五号及时,我选五号技师,0.666667
dan yuan ta yong du bu bei gai bian,但愿他拥堵不被改变,但愿它永都不被改变,0.666667
xu duo meng xiang zong bian zhi tai mei,许多梦想总编制钛媒,许多梦想总编织太美,0.666667
ying jie mei hao ming tian,应届美好明天,迎接美好明天,0.666667
mao si cai gang kai shi,茅斯才刚开始,貌似才刚开始,0.666667
Qing qing kuai can he qing qing pi sa ni geng xi huan na ge,轻轻快餐和亲情披萨尼更喜欢哪个,青青快餐和青青披萨你更喜欢哪个,0.666667
Fa chang zai,发长在,发常在,0.666667
ni jin guan fen lei zhe shi ju hua fen dui le suan wo shu,你尽管分类这是聚划分队了算我熟,你尽管分类这十句话分对了算我输,0.666667
lin ze xu you yi ju ming yan ya,林则须有一句名演亚,林则徐有一句名言呀,0.666667
wo de zhuo shang you yi fu jian zhi,我的桌上有一苻坚之,我的桌上有一幅剪纸,0.666667
dian liang shu zi ren sheng,电量数字人生,点亮数字人生,0.666667
sheng ming chun shu ou ran,声明纯属偶然,生命纯属偶然,0.666667
Shi wo men you li you ba zuo meng de xi la ren kan cheng xu duo de he ma,是我们有力有把做梦的希拉人堪称许多的褐马,使我们有理由把做梦的希腊人看成许多的荷马,0.65
wo da da de ma ti sheng shi ge mei li de cuo wu,我哒哒的妈提升是个美丽的错误,我达达的马蹄声是个美丽的错误,0.642857
Wo cong wei jian guo you ru ci hou yan wu chi zhi ren,我从未见过犹如此后延误嗤之人,我从未见过有如此厚颜无耻之人,0.642857
juan ji shen jing wang luo yong yu yi liao ying xiang shi bie,圈跻身经网络用于医疗瘿相识别,卷积神经网络用于医疗影像识别,0.642857
Wo da wan xia mian de zhong wen hou ni da yi ge ha,我大弯下面的重问候你打一个哈,我打完下面的中文后你打一个哈,0.642857
zheng ming ji fen yu ji xian jiao huan shun xu,证明齑粉与蓟县交换顺序,证明积分与极限交换顺序,0.636364
Zhong yu lai le ge you qian tu de jia huo,中雨来了各有前途的家和,终于来了个有前途的家伙,0.636364
na wei shen me zhe me zao jiu ti chu le,那位参麽这麽早就提出了,那为什么这么早就提出了,0.636364
Na xie sui yue wo men yi ding hui ji de,那些虽说我们一定会期的,那些岁月我们一定会记得,0.636364
you xie hua dao po yi ban hu you chen mo,有些话到破一舨和有沉默,有些话道破一半忽又沉默,0.636364
jin tian you ji shi wan tong xue chi dao le,今天尤其是湾同学迟到了,今天有几十万同学迟到了,0.636364
Jie wo sheng meng yu mang zhuang bu wen ming tian,解我省盟与莽撞不文明天,借我生猛与莽撞不问明天,0.636364
bai yang zuo shi yi ge ke ai de xing zuo,白洋作是一个可爱的性作,白羊座是一个可爱的星座,0.636364
jing shen de zao shuai he ge xing de xiao wang,精神的灶率和个性的小王,精神的早衰和个性的消亡,0.636364
Ming tian lai zhen jing bu shang ban,明天籁震惊不上半,明天来震惊部上班,0.625
Ni men cheng li ren zhen hui wan,你们成立认真会玩,你们城里人真会玩,0.625
Sheng ming yu zhou ji yi qie de zhong ji da an shi si shi er,生命与周期一切的终极大安市四十二,生命宇宙及一切的终极答案是四十二,0.625
zen mo neng gou ting zhi bu qian,怎没能够停止步前,怎么能够停滞不前,0.625
qing dian ji xia mian de lian jie,清点击下面的廉洁,请点击下面的链接,0.625
ni hui wan zhe wo de yi xiu,你会玩着我的挹秀,你会挽着我的衣袖,0.625
An sha shi zi ran de gui ze,安沙市自然的规则,暗杀是自然的规则,0.625
Shang mian de na shou guo ji ge,上面的拿手国际合,上面的那首国际歌,0.625
jiu shen jie de pu bian cun zai,就谂接的普遍存在,酒神节的普遍存在,0.625
bei hai gong yuan nan zhen hao wan,被害公园难真好玩,北海公园南真好玩,0.625
bu ru kan ta qi ma gui lai,不如看他起码归来,不如看她骑马归来,0.625
ta zhu yao de de xing he shi ye zhi zai chi he he shui mian,他主要的地性和事业旨在吃喝喝水面,他主要的德行和事业只在吃喝和睡眠,0.625
wo men jian guo tai shao shi mian,我们建国太少市面,我们见过太少世面,0.625
Ming ming jiu ta bi jiao nan guo,命名就獭比较难过,明明就他比较难过,0.625
Wei he que zhu dong ba shou gou,为何确主动把收购,为何却主动把手勾,0.625
Wang bu chuan zhe ai mei de yan,往不穿着暧昧的研,望不穿这暧昧的眼,0.625
Wo xi huan bei da de xue mei,我喜欢被大的雪梅,我喜欢北大的学妹,0.625
Wo jia qi yao qv hang zhou wan,我家企要去杭州晚,我假期要去杭州玩,0.625
Ru guo qi ji you yan se na yi ding shi cheng se,如果其既有阏塞纳一定是橙色,如果奇迹有颜色那一定是橙色,0.615385
qia si na duo lian hua bu sheng liang feng de jiao xiu,卡斯纳多莲花不乘凉风的娇羞,恰似那朵莲花不胜凉风的娇羞,0.615385
ren yu ren zhi jian jiu shi yao hu xiang shang hai a,人与人之间就是要和向上海阿,人与人之间就是要互相伤害啊,0.615385
ke ce han shu de you xian ke jia xing,可测寒暑的有限可恝行,可测函数的有限可加性,0.6
You zai tou lan ma,有在偷懒妈,又在偷懒吗,0.6
Zhi dao ni de xi wang xi mie wei zhi,知道你的希望熄灭遗址,直到你的希望熄灭为止,0.6
You zai tou lan ma,有在偷懒妈,又在偷懒吗,0.6
Zhi dao ni de xi wang xi mie wei zhi,知道你的希望熄灭遗址,直到你的希望熄灭为止,0.6
hao xiang fang jia a,好想方铗啊,好想放假啊,0.6
wu shi re chen ai,务实惹尘埃,勿使惹尘埃,0.6
ou shi long tou wang,区石龙头望,偶失龙头望,0.6
Jin wan bu ao ye,近万不熬夜,今晚不熬夜,0.6
Que yi xing lan shan,却一行阑珊,却意兴阑珊,0.6
Bi jing yi sheng hen duan shao you yuan man,毕竟医生很煅烧友圆满,毕竟一生很短少有圆满,0.6
Zuo wei meng he zui,作为盟和最,作为梦和醉,0.6
zhi pu er you mei,质朴而又没,质朴而优美,0.6
shi ge yu xiao shuo,适合与小说,诗歌与小说,0.6
wo shi ge zha zha,我是个喳喳,我是个渣渣,0.6
shou dao qing hui da,受到亲回答,收到请回答,0.6
shou zi mu xiao xie,首字母校协,首字母小写,0.6
Hang hang chu ma nong,航行处码农,行行出码农,0.6
qing feng bu shi zi,清风不是自,清风不识字,0.6
he gu luan fan shu,和鼓乱翻书,何故乱翻书,0.6
si chou zhi lu shang de lang man gu shi bei shi ren chuan chang,丝绸之路上的琅满故事卑诗人船长,丝绸之路上的浪漫故事被世人传唱,0.6
Ta qiang ren ta qiang,他将认他强,他强任他强,0.6
bi ru kan ta you yong dao he de ling yi an,比如看他又用到合的另一案,比如看她游泳到河的另一岸,0.583333
da bai cai ji mao cai tong xin cai you mai cai,大白菜鸡毛财通信才有荬菜,大白菜鸡毛菜通心菜油麦菜,0.583333
fu qin dai ta jian shi bing kuai de yao yuan de xia wu,父亲带她坚实并会的遥远地下午,父亲带他见识冰块的遥远的下午,0.571429
tie ma bing he ru meng lai,铁马病和茹梦来,铁马冰河入梦来,0.571429
Ta you li xi fang ge guo,他有利西方合国,他游历西方各国,0.571429
Gou li guo jia sheng si yi,够理国家生死一,苟利国家生死以,0.571429
tang ruo you ren he miu wu zhi chu wo bi ran zhi qian,倘若有人和谬误指出我必然之前,倘若有任何谬误之处我必然致歉,0.571429
o yan yu bie guai wo jie yong le chen zhong de zi yan,哦眼于别怪我家用了沉重的訾艳,噢言语别怪我借用了沉重的字眼,0.571429
an de guang sha qian wan jian,案的广厦千万件,安得广厦千万间,0.571429
Zhuang shi yi qu bu fu fan,装饰一岖不复返,壮士一去不复返,0.571429
Nu li men qi lai qi lai,努力闷起来起来,奴隶们起来起来,0.571429
wo men jiang wang he chu qu,我们将王鹤出去,我们将往何处去,0.571429
you ba he ma kan zuo yi ge zuo meng de xi la ren,有钯和妈看做一个做梦的希拉人,又把荷马看作一个做梦的希腊人,0.571429
zheng zai qian wang nu ba ni,正在前往奴把你,正在前往努巴尼,0.571429
you jiang chuo yan yu dong feng,又将焯严于东风,又将愁眼与东风,0.571429
zhu ti tuan ri zen me ban,主体团日怎麽半,主题团日怎么办,0.571429
si hu zhi chu yu ou ran,司和指出于偶然,似乎只出于偶然,0.571429
ta si si de ding zhe wo,他咝咝的盯着我,他死死地盯着我,0.571429
ben zhan ji zhe pao de kuai,本站记者脬地块,本站记者跑得快,0.571429
hua kai shi jie dong jing cheng,花开始接东京城,花开时节动京城,0.571429
fu shou gan wei ru zi niu,扶手敢为孺子牛,俯首甘为孺子牛,0.571429
ji hu chu chu shou lian han shu lie de kong zhi shou lian ding li,几乎处处收敛含孰劣的控制熟练丁力,几乎处处收敛函数列的控制收敛定理,0.5625
cheng che guo cheng zhong qing zuo wen fu hao bu yao shou fu che men,乘车过程中青作文富豪不要首付车门,乘车过程中请坐稳扶好不要手扶车门,0.5625
Ni wei shen me zhe me shu lian a,你为深麽这麽熟练阿,你为什么这么熟练啊,0.555556
Er zhe yi qie dou zhong jiang shi qu,而这一切都中江市区,而这一切都终将逝去,0.555556
shui di shen ying chuan suo lun hui jian,说的身影穿梭伦会见,谁的身影穿梭轮回间,0.555556
dai zhe yi qie ji yi yu ming yun,带着一切忌抑郁命运,带著一切记忆与命运,0.555556
jiu ling hou bu ru zhong nian wei ji,就令后不如中年危机,九零后步入中年危机,0.555556
xiao hua si zai hui jia de lu shang,消化司在回家的垆上,小花死在回家的路上,0.555556
xiao ye wo ke xi huan ren lei le,小腋窝客喜欢人累了,小爷我可喜欢人类了,0.555556
huo jiu le shen me dou neng jian dao,获救了深麽都能见到,活久了什么都能见到,0.555556
Er ji de jia ge shi yin xiang de san bei,二级的价格式印象的三倍,耳机的价格是音响的三倍,0.545455
yi qi qian ru fan yong de bo tao zhi xia,一起嵌入返场的铂涛之下,一齐潜入翻涌的波涛之下,0.545455
Na wo yao bu yao tie yi shou guo ge ne,那我要不要铁一狩锅盖哪,那我要不要贴一首国歌呢,0.545455
zai ju yi xie kong zhi shou lian ding li de ying yong,在车一些控制熟练丁力的应用,再举一些控制收敛定理的应用,0.538462
Yang li ji zhi yong yu da jia zi ji ce shi yong,秧励机制鳙鱼大家自己测试用,样例集只用于大家自己测试用,0.538462
ren zai yue du shi shi cong zuo dao you zhu zi du ru de,人在阅读誓师从做到有助资都入的,人在阅读时是从左到右逐字读入的,0.533333
Duan chang sheng dian dian feng yu sheng lian lian si shi gu ren lai,段长盛典癜风雨声连连四是古人来,断肠声点点风雨声连连似是故人来,0.533333
Wei yi zhi ding you xiang,为抑制定邮箱,唯一指定邮箱,0.5
Wei yi zhi ding you xiang,为抑制定邮箱,唯一指定邮箱,0.5
yi qi zai huang dao shang deng dai xing chen,一起在簧刀伤等待省郴,一起在荒岛上等待星辰,0.5
shan dai fu wang ting zhi sha lu,山代桴往停止杀戮,善待斧王停止杀戮,0.5
Ha lou wo de,虾搂我的,哈喽我的,0.5
Yi jing mei you shen me hao pa de le,已经没有深麽壕派得了,已经没有什么好怕的了,0.5
Peng you de qing yi bi tian hai gao bi di hai liao kuo,朋友的情一笔填海高敝的海辽阔,朋友的情义比天还高比地还辽阔,0.5
bu peng chu fei fu zen zhi xin tou xue you re,不膨出肺复谮之心头学友热,不捧出肺腑怎知心头血犹热,0.5
cong bu zai yi xiao mo que kong ju bei mai mo,从不再一箫默却空车被埋没,从不在意消磨却恐惧被埋没,0.5
shui neng ji de,谁能系的,谁能记得,0.5
bu cun za de li pi,不存杂的坜陂,不存在的里皮,0.5
you xie shi ju li de zi tai sheng pi le ba,有些时距离的姿态生坏了吧,有些诗句里的字太生僻了吧,0.5
cai zi ci ren,才自此人,才子词人,0.5
Wo men shi dian,我们试点,我们是电,0.5
ling gu xian sheng,灵谷先生,铃鼓先生,0.5
chang yang shan shi yi ba gan qi,长阳山市一把干企,常羊山拾一把干戚,0.5
wei ji fen shi xue bu hao de,为齑粉是血不好的,微积分是学不好的,0.5
Fu wang bu zai shi fu wang le,府网不再是桴往了,斧王不再是斧王了,0.5
Ri shen he jiu shen shi zi ran jie zhi jie de yi shu chong dong,日审核就绅士自然界之家的艺术涌动,日神和酒神是自然界直接的艺术冲动,0.5
diu lei lou mou,丢勒娄某,丢雷楼某,0.5
dai qu,带去,待去,0.5
ge men er wo men liao tian ba,个门而我们聊天把,哥们儿我们聊天吧,0.5
qing xin ling dong,轻心灵动,清新灵动,0.5
qing shan yi jiu zai ji du xi yang hong,清单一就在季度夕阳红,青山依旧在几度夕阳红,0.5
ni ru ci li han ma,你如此理悍马,你如此厉害吗,0.5
wo hu han san you hui lai le,我和韩三优惠来了,我胡汉三又回来了,0.5
Ba hao wan jia ni yi jing liao bao le,把好玩家鲵已经了报了,八号玩家你已经聊爆了,0.5
Shao you chang shi de ren dou hui zhi dao,少有尝试的人都会指导,稍有常识的人都会知道,0.5
Kuai zhu shou zhe gen ben bu shi zao ju,会主受这根本不是灶具,快住手这根本不是造句,0.5
zhe ge yan shi hai shi ting duan de ba,这个偃师还是町段的巴,这个延时还是挺短的吧,0.5
shi guan yu xin gai de,事关于新改的,是关于信概的,0.5
fang ai zan de zha zha,妨碍瓒的喳喳,妨碍咱的渣渣,0.5
zan wo bi chu ci mu,赞我滗出差目,赞我必出茨木,0.5
wo hao e dan shi mei you xiao qiao chi,握好恶但是没有效鞘翅,我好饿但是没有小桥吃,0.5
ji du shi ruo zhe de ping zhi,机都是弱者的平指,嫉妒是弱者的品质,0.5
Er jia er deng yu wu,儿家二等于无,二加二等于五,0.5
Nan dao wo zhe ci bao jin ni wei bi luo kong,难道我这次鸨紧拟为碧螺孔,难道我这次抱紧你未必落空,0.5
Hong lou meng hao xiang tai nan le,红楼梦号相呔喃了,红楼梦好像太难了,0.5
Ni de lv tu zhong yu di da zhong dian,你的旅途中遇的大重点,你的旅途终于抵达终点,0.5
sou hu you xi xie pai ke meng jing ling tui chu xin chong chou chou hua,搜狐游戏叶派克梦境令退出新种丑丑化,搜狐游戏携派可梦精灵推出新宠臭臭花,0.470588
liu shui luo hua chun qu ye tian shang ren jian,流水烙画春苣叶天上刃剑,流水落花春去也天上人间,0.454545
Rang ta zuo dao jing zhong chang zuo de di fang,让他做到警钟长作的地方,让她坐到镜中常坐的地方,0.454545
Shou xin hu ran zhang chu jiu chan de qu xian,守信和髯长出纠缠的朐县,手心忽然长出纠缠的曲线,0.454545
Jiu shi jie da ge luo hua liu shui,救世界大合烙画流水,旧世界打个落花流水,0.444444
qing chun ruo you zhang bu lao de lian,青春若有障部落地联,青春若有张不老的脸,0.444444
Fei ting you yi jin di kong jian fu kong qi de xing shi dong shan zai qi,啡厅有一斤的空间浮空气的形式峒山在其,飞艇又以近地空间浮空器的形式东山再起,0.444444
Jie le dong xi wei shen me bu huan,解了东西为深麽埠患,借了东西为什么不还,0.444444
dan yuan kuai le bu hui yin wo shi qi wei ji you er sheng qi,单元快乐部会引我是其违纪幼儿生气,但愿快乐不会因我视其为己有而生气,0.4375
shan you mu xi mu you zhi,山游目徙木有制,山有木兮木有枝,0.428571
ni wei shen me lai wan le,你为深麽濑完了,你为什么来晚了,0.428571
Qing da jia yi qi jian li yi ge ce shi yang li ji,请大家一期间里一个侧是杨立即,请大家一起建立一个测试样例集,0.428571
wo lian gong fa zi zhen xin,我殓工筏子真心,我练功发自真心,0.428571
Jie tian lian ye wu qiong bi,家田连夜无穷碧,接天莲叶无穷碧,0.428571
Dan shi long cheng fei jiang zai,但是拢成芾将在,但使龙城飞将在,0.428571
Hei yun ya cheng cheng yu cui,黑云压噌噌与崔,黑云压城城欲摧,0.428571
ping yi er qi ren xin fei,平一耳其人心肺,平易而启人心扉,0.428571
hong lou ge yu xiang wang leng,红楼阁于向往冷,红楼隔雨相望冷,0.428571
Zui ba jia ren cheng shuang dui,嘴八家人称双对,醉把佳人成双对,0.428571
Man cheng jin dai huang jin jia,满成金岱黄金价,满城尽带黄金甲,0.428571
wang bu liu xing jun qian li,往不流行军潜力,王不留行军千里,0.428571
Ren yu ren zhi jian wei shen me yao hu xiang shang hai a,人与人之间为深麽鳐和向上海阿,人与人之间为什么要互相伤害啊,0.428571
ren jian si yue fang fei jin,人拣四月房费金,人间四月芳菲尽,0.428571
Hua xie hua fei hua man tian,化榭花费花漫天,花谢花飞花满天,0.428571
Wo cong ya bian die luo meng men he gu jin suo,我从崖边叠罗蒙门和鼓劲所,我从崖边跌落梦门何故紧锁,0.416667
mei nv yu ye shou,美女渔业收,美女与野兽,0.4
shen shi pu ti shu,身是蹼踢数,身是菩提树,0.4
pu ti ben wu shu,普体本无数,菩提本无树,0.4
ming dai zan yi xian,明代赞一线,明代暂遗贤,0.4
xing you yi zhong ren,行有一种人,幸有意中人,0.4
qing chun dou yi xiang,青春痘疫相,青春都一饷,0.4
wei wo zou yi qu,为我走驿区,为我奏一曲,0.4
Xue hao wei ji fen,学郝卫计分,学好微积分,0.4
Hui da zhe huang di,回答这肓的,回答着皇帝,0.4
Ce shi dao yan shi shi shi miao zuo you,策实到偃师事实秒左右,测试到延时是十秒左右,0.4
Qing quan shi shang liu,请全市上流,清泉石上流,0.4
chuang qian ming yue guang,床前酩悦广,床前明月光,0.4
Neng chong feng qian du zong you quan du ji,能冲锋前都总有全都记,能重逢前度总有权妒忌,0.4
jian li le jiao yi ban ji shang de ce du li lun,建立了交易办机上的册独立伦,建立了较一般集上的测度理论,0.384615
you lao xin fei shen de shi ta men kan si qing song,有络新吠深的是他们看似轻松,又劳心费神地使它们看似轻松,0.384615
wo shi mai bao de xiao hang jia,我市买保的小巷加,我是卖报的小行家,0.375
si zhou shi yuan chang de huang sha,斯州市院长的黄沙,四周是圆场的黄沙,0.375
Lai ri zong shi qian qian que ge,来日总是芊芊确各,来日纵是千千阙歌,0.375
Zui hou jiu nian liang ju shi ba,最后九年两车十八,最后就念两句诗吧,0.375
Xian yi jia ru ken de ji hao hua wu can,嫌疑加入啃的级豪华伍参,现已加入肯德基豪华午餐,0.363636
jin pai jiang shi ge dou zhi wang da si ma,金牌将是个都知王大缌麻,金牌讲师格斗之王大司马,0.363636
Chong zhen shou wang xian feng you shen me yi yi,重镇受王先锋有深麽熠熠,重振守望先锋有什么意义,0.363636
wo wei cheng zhi wei bi ran xiang qiao he zhi qian,我为惩治未必然香蕉河之前,我为称之为必然向巧合致歉,0.333333
yi yue dan qing ping zhang,以说萏清屏障,依约丹青屏障,0.333333
qie nen wei hong yi cui,且嫩味红一璀,且恁偎红倚翠,0.333333
huan le qian zhen di chang,换了虔贞的长,换了浅斟低唱,0.333333
yi zhi shou zi zai di hui ya hui,一直守自在的匹亚会,一只手自在地挥呀挥,0.333333
kai tian fu pi kai hun dun hong huang,开天府批开馄炖红黄,开天斧辟开混沌洪荒,0.333333
Wo kong ji bu zhu wo ji ji a,我控机补助我寄给阿,我控几不住我计几啊,0.333333
gai shu de yao shu a,该书的幺叔阿,该输的要输啊,0.333333
you yu jia jing pin han,由于加精品涵,由于家境贫寒,0.333333
bu cai luo po jing nian,不裁罗婆竟年,不才落魄经年,0.333333
Di xia tou,的虾头,低下头,0.333333
ben huan tan tan jian jian neng neng fou fou ding ding lun yi huo ding lv er,本还谈谈建硷能能否否定定轮椅和订率而,苯环碳碳键键能能否否定定论一或定律二,0.333333
wo yao gao si ni ya,我要高斯尼亚,我要搞死你呀,0.333333
Ye du shou hui tian xia,也都收回天下,爷独手毁天下,0.333333
Feng hua xue yue bu ken deng ren yao xian bian xian wen,风化学说不垦等人崾先变现问,风花雪月不肯等人要献便献吻,0.307692
Xi yang wu xian hao zhi shi jin huang hun,吸氧污洗好摭拾金黄昏,夕阳无限好只是近黄昏,0.3
shi bu sha yi ren qian li bu liu xing,是不鲨疑人潜力不流行,十步杀一人千里不留行,0.3
Qi yin huo fu bi qu zhi,起因后付比去之,岂因祸福避趋之,0.285714
wo wei jiang xin huan shi wei chu lian xiang jiu ai zhi qian,我为匠心还是为处联想就爱之前,我为将新欢视为初恋向旧爱致歉,0.285714
shan beng di lie shui dao liu,山崩的咧说到刘,山崩地裂水倒流,0.285714
yao gong ji mo suo qian qiu,要供给摩梭千秋,瑶宫寂寞锁千秋,0.285714
Tian tian gan huo hao ku bi,天天感和嚎哭鼻,天天干活好苦逼,0.285714
qing li ke ting zhi da ti,清理科停止大提,请立刻停止答题,0.285714
lv si di fu yuan yang pu,率似的服鸳鸯谱,绿丝低拂鸳鸯浦,0.285714
xiang tao ye dang shi huan du,湘涛也当时还都,想桃叶当时唤渡,0.285714
chun feng tao li yi bei jiu,春风逃离已被救,春风桃李一杯酒,0.285714
zhong ting di bai shu qi ya,中町的柏树起亚,中庭地白树栖鸦,0.285714
heng mei leng dui qian fu zhi,行眉冷堆前复制,横眉冷对千夫指,0.285714
Hong xiao xiang duan you shui lian,红潇湘段有睡莲,红消香断有谁怜,0.285714
Gui zhong nv er xi chun mu,贵重女儿樨纯母,闺中女儿惜春暮,0.285714
qu zao li le kou na qin xian hai chan zhe,区造力仂口南沁县还缠着,曲早离了口那琴弦还颤着,0.272727
Ni hui gai ba,你会该把,你悔改吧,0.25
Ni hui gai ba,你会该把,你悔改吧,0.25
yu nian zhi huo,余年之后,欲念之火,0.25
chuan yue shi kong jie jin quan li,串钥匙孔家进全力,穿越时空竭尽全力,0.25
shui bo kai chun cao xun di xia liang dao che zhe,水般开春操训的峡两到扯着,谁拨开春草寻底下两道车辙,0.25
jin zi shi you liang de dao ti,金字是有两得到提,金子是优良的导体,0.25
ren ba fu ming,人把复明,忍把浮名,0.25
Chao xi ke chi,潮汐可持,抄袭可耻,0.25
Bei ming you yu qi min wei kun,被命由于其民为困,北冥有鱼其名为鲲,0.25
chao hu sheng ming,超呼声明,超乎生命,0.25
Shui neng zai zhou,谁能在周,水能载舟,0.25
jin xiao bei zhong ying zhe ming yue,进校被中营者明说,今宵杯中映着明月,0.25
wo wei zi ji fen fen miao miao shu lou wan wu xiang shi jian zhi qian,我为自己纷纷苗苗赎楼晚五项事件之前,我为自己分分秒秒疏漏万物向时间致歉,0.235294
qian li gu fen wu chu hua qi liang,潜力股份无处花期两,千里孤坟无处话凄凉,0.222222
Er ying zhang de yi da li pao ne,而硬仗的一大力跑哪,二营长的意大利炮呢,0.222222
qing ren jie kuai le,轻人介会了,情人节快乐,0.2
shi shi qin fu shi,事实勤服饰,时时勤拂拭,0.2
ben shi wu yi wu,本市武义务,本是无一物,0.2
wei sui feng yun bian,为隋凤云变,未遂风云便,0.2
ren you wo zi xu wang gu di yi kuang,人有我自勖亡故的尾矿,任由我自诩万古第一狂,0.2
an lao sun qu ye,按劳损诎也,俺老孙去也,0.2
Hong yan tan zhi lao,红岩滩之劳,红颜弹指老,0.2
Ming yue song jian zhao,明说耸肩着,明月松间照,0.2
da ai luo tian yi,大艾罗田一,大爱洛天依,0.2
jing sou hu da sha ye xian shi ren ling ti,经嗽和大厦也显示认领提,惊搜狐大厦夜现食人灵体,0.181818
ta shi zui e zhi guang,他是最阏氏广,她是罪恶之光,0.166667
ji xiang feng bu fang tiao deng he shou zhao shan he,迹象风不方调簦合收昭山和,既相逢不妨挑灯呵手照山河,0.166667
fu wang zhan si sha chang,府网站厮杀场,斧王战死沙场,0.166667
ren wei shen me yao shui jiao,认为深麽舀水较,人为什么要睡觉,0.142857
ce ying fan chen zhe hai shui,策影翻沉着孩说,侧影反衬著海水,0.142857
He fang yin xiao qie xu xing,和方殷小切需行,何妨吟啸且徐行,0.142857
wu shi ren fei shi shi xiu,务事人肥市食宿,物是人非事事休,0.142857
zhu bo piao deng du zi gui,主播票等都秭归,珠箔飘灯独自归,0.142857
yi shan yi shan liang jing jing,一芟夷山梁静静,一闪一闪亮晶晶,0.142857
li ming qiao qiao hua guo tian bian,立名侨侨华国天便,黎明悄悄划过天边,0.125
ting han si zhong sheng qing ye fo,烃含四种生情也佛,听寒寺钟声请野佛,0.125
lai ba lai ba hu xiang shang hai ba,来岜莱巴和向上海拔,来吧来吧互相伤害吧,0.111111
Xiang xiang ji,想象级,香香鸡,0
Xiang xiang ji,想象级,香香鸡,0
xin ru ming jing tai,新入名景泰,心如明镜台,0
ming jing yi fei tai,名警一腓肽,明镜亦非台,0
zheng bu zi kuang dang,政部自哐当,争不恣狂荡,0
he xu lun de sang,和叙伦的桑,何须论得丧,0
zi shi bai yi qing xiang,子失败一圊向,自是白衣卿相,0
yan hua xiang mo,岩画像没,烟花巷陌,0
kan xun fang,看汛防,堪寻访,0
ping sheng chang,评省长,平生畅,0
hei,黑,嘿,0
wu yu mo li sha,务于茉莉莎,雾雨魔理沙,0
Xiao he cai lu jian jian jiao,校和财路见建交,小荷才露尖尖角,0
Dong feng ye fang hua qian shu,动枫叶芳华签署,东风夜放花千树,0
Gui xi liu zi ban hen qiang,桂西柳子瘢痕将,贵系六字班很强,0
zuo ye yu shu feng zhou,作业与庶锋舟,昨夜雨疏风骤,0
Sheng han yi pan xuan,声喊一般选,剩寒意盘旋,0
yi meng wei ma,一孟维码,以梦为马,0
jiang hu ye yu shi nian deng,将槲叶玉石碾等,江湖夜雨十年灯,0
Wu shi yi dao,五十一道,午时已到,0
ce shi yang li ji,策是杨立即,测试样例集,0
gou fu gui wu xiang wang,构负圭吾乡王,苟富贵毋相忘,0
tai wu la,泰晤拉,太污啦,0
ai,爱,哎,0
ai,爱,唉,0
a,阿,啊,0
You si ruan xi piao chun xie,有四阮西嘌醇血,游丝软系飘春榭,0
Luo xv qing zhan pu xiu lian,络虚情展溥修炼,落絮轻沾扑绣帘,0
